Contract,customers,churn_rate
Month-to-month,3875,42.70967741935484
One year,1473,11.269517990495586
Two year,1695,2.831858407079646
