tenure_group,customers,churn_rate
0-12,2069,48.28419526341228
12-24,1047,29.512893982808023
24-48,1624,20.874384236453203
48-60,820,15.0
60-72,1121,8.296164139161464
