monthly_charge_group,customers,churn_rate
High,2681,37.82170831779187
Low,1735,10.893371757925072
Medium,1725,23.942028985507246
Very High,902,28.04878048780488
