customer_value_segment,customers,churn_rate
High Value,1760,23.011363636363637
Low Value,1762,43.24631101021566
Mid Value,1760,25.397727272727273
Very High Value,1761,14.480408858603067
